Job1,Job2,Proximity,Job1_Title,Job1_JCI,Job1_EMP,Job2_Title,Job2_JCI,Job2_EMP
11-1011.00,11-1021.00,0.3442651863295482,Chief Executives,104134.83199402012,2545787,General and Operations Managers,102841.89365862956,1640819
11-1011.00,13-2011.00,0.040128617695256406,Chief Executives,104134.83199402012,2545787,Accountants and Auditors,150159.85491255918,3318742
41-2031.00,43-9061.00,0.03857583749052298,Retail Salespersons,142658.37818538543,2442606,"Office Clerks, General",87500.12368351944,2834216
41-2031.00,53-3032.00,0.03857583749052298,Retail Salespersons,142658.37818538543,2442606,Heavy and Tractor-Trailer Truck Drivers,138070.55215757873,4983943
