occupation_code,occupation_title,employment,mean_annual_wage,complexity_score
OC1,Managers,288520,11473,0.36134444874460875
OC2,Professionals,721809,12151,0.696854784539202
OC3,Technicians and Associates,510594,6625,0.5096176825101437
OC4,Clerical Support,1097938,17142,0.3680721806400703
OC5,Service and Sales,537801,21917,0.5008881939644093
OC6,Agricultural Workers,700495,13966,0.5033458068506963
OC7,Craft and Trades,1140196,17360,0.3219048605602046
OC8,Machine Operators,318103,13989,0.6130450516366379
OC9,Elementary Occupations,508417,16186,0.31375689234347365
