occupation_code,occupation_title,employment,mean_annual_wage,complexity_score
OC1,Managers,7676,51536,0.7790605025913608
OC2,Professionals,9362,61699,0.4398740284850177
OC3,Technicians and Associates,4793,57459,0.5945175061883843
OC4,Clerical Support,6985,52591,0.48146767938569884
OC5,Service and Sales,3611,98097,0.5637528043377953
OC6,Agricultural Workers,10205,31868,0.7424818079426002
OC7,Craft and Trades,13475,65985,0.4308769569381256
OC8,Machine Operators,3687,62793,0.7367889150014497
OC9,Elementary Occupations,30171,57558,0.9015446043715195
