occupation_code,occupation_title,employment,mean_annual_wage,complexity_score
OC1,Managers,163035,9006,0.3059783009137486
OC2,Professionals,405585,10472,0.5775967755843932
OC3,Technicians and Associates,344385,5025,0.44257025470641065
OC4,Clerical Support,715425,14834,0.3143729536781404
OC5,Service and Sales,373065,16340,0.4242577080847936
OC6,Agricultural Workers,389250,10783,0.4160743650892945
OC7,Craft and Trades,742050,13269,0.26116251604781904
OC8,Machine Operators,211965,12547,0.5099821476472828
OC9,Elementary Occupations,287430,13440,0.2631563410482271
