occupation_code,occupation_title,employment,mean_annual_wage,complexity_score
OC1,Managers,172155,10202,0.35698397387489067
OC2,Professionals,473912,10693,0.694145591773059
OC3,Technicians and Associates,348376,5601,0.540664797581578
OC4,Clerical Support,824076,16864,0.35269768089619313
OC5,Service and Sales,434629,17974,0.5090694388745489
OC6,Agricultural Workers,403833,11457,0.5057946950656048
OC7,Craft and Trades,752156,13441,0.2998783427675933
OC8,Machine Operators,273667,13165,0.613352873085059
OC9,Elementary Occupations,366029,14245,0.3057550263811044
